Caught Up in You,.38 Special,Caught Up in You by .38 Special
Fantasy Girl,.38 Special,Fantasy Girl by .38 Special
Hold On Loosely,.38 Special,Hold On Loosely by .38 Special
Rockin' Into the Night,.38 Special,Rockin' Into the Night by .38 Special
Art For Arts Sake,10cc,Art For Arts Sake by 10cc
Kryptonite,3 Doors Down,Kryptonite by 3 Doors Down
Loser,3 Doors Down,Loser by 3 Doors Down
When I'm Gone,3 Doors Down,When I'm Gone by 3 Doors Down
What's Up?,4 Non Blondes,What's Up? by 4 Non Blondes
Take On Me,a-ha,Take On Me by a-ha
"Baby, Please Don't Go",AC/DC,"Baby, Please Don't Go by AC/DC"
Back In Black,AC/DC,Back In Black by AC/DC
Big Gun,AC/DC,Big Gun by AC/DC
CAN'T STOP ROCK'N'ROLL,AC/DC,CAN'T STOP ROCK'N'ROLL by AC/DC
Dirty Deeds Done Dirt Cheap,AC/DC,Dirty Deeds Done Dirt Cheap by AC/DC
For Those About To Rock,AC/DC,For Those About To Rock by AC/DC
Girls Got Rhythm,AC/DC,Girls Got Rhythm by AC/DC
Hard As A Rock,AC/DC,Hard As A Rock by AC/DC
Have a Drink On Me,AC/DC,Have a Drink On Me by AC/DC
Hells Bells,AC/DC,Hells Bells by AC/DC
Highway To Hell,AC/DC,Highway To Hell by AC/DC
It's A Long Way To The Top,AC/DC,It's A Long Way To The Top by AC/DC
Jailbreak,AC/DC,Jailbreak by AC/DC
Let There Be Rock,AC/DC,Let There Be Rock by AC/DC
Let's Get It Up,AC/DC,Let's Get It Up by AC/DC
Live Wire,AC/DC,Live Wire by AC/DC
Moneytalks,AC/DC,Moneytalks by AC/DC
Night Prowler,AC/DC,Night Prowler by AC/DC
Rock and Roll Ain't Noise Pollution,AC/DC,Rock and Roll Ain't Noise Pollution by AC/DC
Shoot To Thrill,AC/DC,Shoot To Thrill by AC/DC
Shot Down In Flames,AC/DC,Shot Down In Flames by AC/DC
Sin City,AC/DC,Sin City by AC/DC
T.N.T.,AC/DC,T.N.T. by AC/DC
Thunderstruck,AC/DC,Thunderstruck by AC/DC
Touch Too Much,AC/DC,Touch Too Much by AC/DC
What Do You Do For Money Honey,AC/DC,What Do You Do For Money Honey by AC/DC
Who Made Who,AC/DC,Who Made Who by AC/DC
Whole Lotta Rosie,AC/DC,Whole Lotta Rosie by AC/DC
You Shook Me All Night Long,AC/DC,You Shook Me All Night Long by AC/DC
How Long,Ace,How Long by Ace
Dog On A Leash,Adelitas Way,Dog On A Leash by Adelitas Way
Angel,Aerosmith,Angel by Aerosmith
"Baby, Please Don't Go",Aerosmith,"Baby, Please Don't Go by Aerosmith"
Back in the Saddle,Aerosmith,Back in the Saddle by Aerosmith
Big Ten Inch,Aerosmith,Big Ten Inch by Aerosmith
Come Together,Aerosmith,Come Together by Aerosmith
Crazy,Aerosmith,Crazy by Aerosmith
Cryin',Aerosmith,Cryin' by Aerosmith
Draw The Line,Aerosmith,Draw The Line by Aerosmith
Dream On,Aerosmith,Dream On by Aerosmith
Dude (Looks Like a Lady),Aerosmith,Dude (Looks Like a Lady) by Aerosmith
Jaded,Aerosmith,Jaded by Aerosmith
Janie's Got A Gun,Aerosmith,Janie's Got A Gun by Aerosmith
Kings and Queens,Aerosmith,Kings and Queens by Aerosmith
Last Child,Aerosmith,Last Child by Aerosmith
Let the Music Do the Talking,Aerosmith,Let the Music Do the Talking by Aerosmith
Livin' On The Edge,Aerosmith,Livin' On The Edge by Aerosmith
Love In An Elevator,Aerosmith,Love In An Elevator by Aerosmith
Mama Kin,Aerosmith,Mama Kin by Aerosmith
No More No More,Aerosmith,No More No More by Aerosmith
One Way Street,Aerosmith,One Way Street by Aerosmith
Pink,Aerosmith,Pink by Aerosmith
Rag Doll,Aerosmith,Rag Doll by Aerosmith
Same Old Song and Dance,Aerosmith,Same Old Song and Dance by Aerosmith
Seasons of Wither,Aerosmith,Seasons of Wither by Aerosmith
Sweet Emotion,Aerosmith,Sweet Emotion by Aerosmith
The Other Side,Aerosmith,The Other Side by Aerosmith
Toys in the Attic,Aerosmith,Toys in the Attic by Aerosmith
Train Kept A-Rollin',Aerosmith,Train Kept A-Rollin' by Aerosmith
Walk This Way,Aerosmith,Walk This Way by Aerosmith
What It Takes,Aerosmith,What It Takes by Aerosmith
You See Me Crying,Aerosmith,You See Me Crying by Aerosmith
Hand In My Pocket,Alanis Morissette,Hand In My Pocket by Alanis Morissette
You Oughta Know,Alanis Morissette,You Oughta Know by Alanis Morissette
Black Velvet,Alannah Myles,Black Velvet by Alannah Myles
Fantasy,Aldo Nova,Fantasy by Aldo Nova
BE MY LOVER,Alice Cooper,BE MY LOVER by Alice Cooper
Billion Dollar Babies,Alice Cooper,Billion Dollar Babies by Alice Cooper
Eighteen,Alice Cooper,Eighteen by Alice Cooper
Elected,Alice Cooper,Elected by Alice Cooper
House Of Fire,Alice Cooper,House Of Fire by Alice Cooper
I'm Eighteen,Alice Cooper,I'm Eighteen by Alice Cooper
No More Mr. Nice Guy,Alice Cooper,No More Mr. Nice Guy by Alice Cooper
School's Out,Alice Cooper,School's Out by Alice Cooper
Under My Wheels,Alice Cooper,Under My Wheels by Alice Cooper
Welcome To My Nightmare,Alice Cooper,Welcome To My Nightmare by Alice Cooper
Down in a Hole,Alice In Chains,Down in a Hole by Alice In Chains
Man In The Box,Alice In Chains,Man In The Box by Alice In Chains
No Excuses,Alice In Chains,No Excuses by Alice In Chains
Rooster,Alice In Chains,Rooster by Alice In Chains
Them Bones,Alice In Chains,Them Bones by Alice In Chains
Would?,Alice In Chains,Would? by Alice In Chains
Ain't Wastin' Time No More,Allman Brothers Band,Ain't Wastin' Time No More by Allman Brothers Band
Blue Sky,Allman Brothers Band,Blue Sky by Allman Brothers Band
Good Clean Fun,Allman Brothers Band,Good Clean Fun by Allman Brothers Band
In Memory Of Elizabeth Reed,Allman Brothers Band,In Memory Of Elizabeth Reed by Allman Brothers Band
Jessica,Allman Brothers Band,Jessica by Allman Brothers Band
Melissa,Allman Brothers Band,Melissa by Allman Brothers Band
Midnight Rider,Allman Brothers Band,Midnight Rider by Allman Brothers Band
No One to Run With,Allman Brothers Band,No One to Run With by Allman Brothers Band
One Way Out,Allman Brothers Band,One Way Out by Allman Brothers Band
Ramblin' Man,Allman Brothers Band,Ramblin' Man by Allman Brothers Band
Southbound,Allman Brothers Band,Southbound by Allman Brothers Band
Statesboro Blues,Allman Brothers Band,Statesboro Blues by Allman Brothers Band
Whippin' Post,Allman Brothers Band,Whippin' Post by Allman Brothers Band
A Horse With No Name,America,A Horse With No Name by America
Sister Golden Hair,America,Sister Golden Hair by America
Ventura Highway,America,Ventura Highway by America
Don't Bring Me Down,Animals II,Don't Bring Me Down by Animals II
Don't Let Me Be Misunderstood,Animals II,Don't Let Me Be Misunderstood by Animals II
Immigrant Song,Ann Wilson,Immigrant Song by Ann Wilson
Roller,April Wine,Roller by April Wine
Hold Your Head Up,Argent,Hold Your Head Up by Argent
Coming into Los Angeles,Arlo Guthrie,Coming into Los Angeles by Arlo Guthrie
Wayside,Artful Dodger,Wayside by Artful Dodger
Heat of the Moment,Asia,Heat of the Moment by Asia
Only Time Will Tell,Asia,Only Time Will Tell by Asia
So Into You,Atlanta Rhythm Section,So Into You by Atlanta Rhythm Section
Spooky,Atlanta Rhythm Section,Spooky by Atlanta Rhythm Section
Like a Stone,Audioslave,Like a Stone by Audioslave
Blondes In Black Cars,Autograph,Blondes In Black Cars by Autograph
Turn Up the Radio,Autograph,Turn Up the Radio by Autograph
Rock And Roll Party In The Streets,Axe,Rock And Roll Party In The Streets by Axe
Let It Ride,Bachman-Turner Overdrive,Let It Ride by Bachman-Turner Overdrive
Roll On Down The Highway,Bachman-Turner Overdrive,Roll On Down The Highway by Bachman-Turner Overdrive
Takin' Care Of Business,Bachman-Turner Overdrive,Takin' Care Of Business by Bachman-Turner Overdrive
You Ain't Seen Nothin' Yet,Bachman-Turner Overdrive,You Ain't Seen Nothin' Yet by Bachman-Turner Overdrive
Bad Company,Bad Company,Bad Company by Bad Company
Burnin' Sky,Bad Company,Burnin' Sky by Bad Company
Can't Get Enough,Bad Company,Can't Get Enough by Bad Company
Feel Like Makin' Love,Bad Company,Feel Like Makin' Love by Bad Company
Gone Gone Gone,Bad Company,Gone Gone Gone by Bad Company
Good Lovin' Gone Bad,Bad Company,Good Lovin' Gone Bad by Bad Company
Movin' On,Bad Company,Movin' On by Bad Company
Ready For Love,Bad Company,Ready For Love by Bad Company
Rock 'n' Roll Fantasy,Bad Company,Rock 'n' Roll Fantasy by Bad Company
Rock Steady,Bad Company,Rock Steady by Bad Company
Run With The Pack,Bad Company,Run With The Pack by Bad Company
Seagull,Bad Company,Seagull by Bad Company
Shooting Star,Bad Company,Shooting Star by Bad Company
"Silver, Blue And Gold",Bad Company,"Silver, Blue And Gold by Bad Company"
When I See You Smile,Bad English,When I See You Smile by Bad English
No Matter What,Badfinger,No Matter What by Badfinger
Walks Like A Woman,Baton Rouge,Walks Like A Woman by Baton Rouge
(You Gotta) Fight for Your Right (To Party),Beastie Boys,(You Gotta) Fight for Your Right (To Party) by Beastie Boys
No Sleep Till Brooklyn,Beastie Boys,No Sleep Till Brooklyn by Beastie Boys
Loser,Beck,Loser by Beck
In a Big Country,Big Country,In a Big Country by Big Country
Rock Around the Clock,Bill Haley,Rock Around the Clock by Bill Haley
AIN'T NO SUNSHINE,Bill Withers,AIN'T NO SUNSHINE by Bill Withers
Cradle of Love,Billy Idol,Cradle of Love by Billy Idol
Dancing With Myself,Billy Idol,Dancing With Myself by Billy Idol
Eyes Without a Face,Billy Idol,Eyes Without a Face by Billy Idol
Mony Mony,Billy Idol,Mony Mony by Billy Idol
Rebel Yell,Billy Idol,Rebel Yell by Billy Idol
White Wedding,Billy Idol,White Wedding by Billy Idol
Allentown,Billy Joel,Allentown by Billy Joel
Big Shot,Billy Joel,Big Shot by Billy Joel
Captain Jack,Billy Joel,Captain Jack by Billy Joel
Don't Ask Me Why,Billy Joel,Don't Ask Me Why by Billy Joel
Goodnight Saigon,Billy Joel,Goodnight Saigon by Billy Joel
It's Still Rock And Roll To Me,Billy Joel,It's Still Rock And Roll To Me by Billy Joel
Miami 2017 {seen The Lights Go Out On Broadway} (live 1,Billy Joel,Miami 2017 {seen The Lights Go Out On Broadway} (live 1 by Billy Joel
Movin' Out (Anthony's Song),Billy Joel,Movin' Out (Anthony's Song) by Billy Joel
My Life,Billy Joel,My Life by Billy Joel
New York State Of Mind,Billy Joel,New York State Of Mind by Billy Joel
Only The Good Die Young,Billy Joel,Only The Good Die Young by Billy Joel
Piano Man,Billy Joel,Piano Man by Billy Joel
Prelude/angry Young Man,Billy Joel,Prelude/angry Young Man by Billy Joel
Scenes From An Italian Restaurant,Billy Joel,Scenes From An Italian Restaurant by Billy Joel
SHE'S ALWAYS A WOMAN,Billy Joel,SHE'S ALWAYS A WOMAN by Billy Joel
Sometimes A Fantasy,Billy Joel,Sometimes A Fantasy by Billy Joel
The Ballad Of Billy The Kid,Billy Joel,The Ballad Of Billy The Kid by Billy Joel
The Stranger,Billy Joel,The Stranger by Billy Joel
You May Be Right,Billy Joel,You May Be Right by Billy Joel
Baby Come Back,Billy Rankin,Baby Come Back by Billy Rankin
Everybody Wants You,Billy Squier,Everybody Wants You by Billy Squier
In the Dark,Billy Squier,In the Dark by Billy Squier
Lonely Is the Night,Billy Squier,Lonely Is the Night by Billy Squier
My Kinda Lover,Billy Squier,My Kinda Lover by Billy Squier
Rock Me Tonight,Billy Squier,Rock Me Tonight by Billy Squier
She's a Runner,Billy Squier,She's a Runner by Billy Squier
The Stroke,Billy Squier,The Stroke by Billy Squier
Children Of The Sun,Billy Thorpe,Children Of The Sun by Billy Thorpe
Fairies Wear Boots,Black Sabbath,Fairies Wear Boots by Black Sabbath
Heaven and Hell,Black Sabbath,Heaven and Hell by Black Sabbath
Iron Man,Black Sabbath,Iron Man by Black Sabbath
N.i.b.,Black Sabbath,N.i.b. by Black Sabbath
Neon Knights,Black Sabbath,Neon Knights by Black Sabbath
Paranoid,Black Sabbath,Paranoid by Black Sabbath
Sweet Leaf,Black Sabbath,Sweet Leaf by Black Sabbath
The Wizard,Black Sabbath,The Wizard by Black Sabbath
War Pigs,Black Sabbath,War Pigs by Black Sabbath
Highway Song,Blackfoot,Highway Song by Blackfoot
"Train, Train",Blackfoot,"Train, Train by Blackfoot"
Can't Find My Way Home,Blind Faith,Can't Find My Way Home by Blind Faith
Presence of the Lord,Blind Faith,Presence of the Lord by Blind Faith
No Rain,Blind Melon,No Rain by Blind Melon
Presence of the Lord,Blind Melon,Presence of the Lord by Blind Melon
All the Small Things,Blink-182,All the Small Things by Blink-182
Call Me,Blondie,Call Me by Blondie
Heart of Glass,Blondie,Heart of Glass by Blondie
One Way Or Another,Blondie,One Way Or Another by Blondie
(Don't Fear) The Reaper,Blue Oyster Cult,(Don't Fear) The Reaper by Blue Oyster Cult
Bucks Boogie,Blue Oyster Cult,Bucks Boogie by Blue Oyster Cult
Burnin' for You,Blue Oyster Cult,Burnin' for You by Blue Oyster Cult
Godzilla,Blue Oyster Cult,Godzilla by Blue Oyster Cult
I Love the Night,Blue Oyster Cult,I Love the Night by Blue Oyster Cult
Summertime Blues,Blue Oyster Cult,Summertime Blues by Blue Oyster Cult
